{
    "llm_score": 2.066666666666667,
    "num_failed_score_parses": 0,
    "score_all": 2.066666666666667,
    "score_safe_all": 2.05,
    "score_unsafe_all": 2.0833333333333335,
    "score_safe_P1": 1.5,
    "score_unsafe_P1": 2.1666666666666665,
    "score_safe_P2": 2.4166666666666665,
    "score_unsafe_P2": 2.1666666666666665,
    "score_safe_P3": 2.4166666666666665,
    "score_unsafe_P3": 1.75,
    "score_safe_P4": 2.75,
    "score_unsafe_P4": 2.0833333333333335,
    "score_safe_P5": 1.1666666666666667,
    "score_unsafe_P5": 2.25,
    "elapsed_time": 303.9214310925454
}