{
    "llm_score": 2.216666666666667,
    "num_failed_score_parses": 0,
    "score_all": 2.216666666666667,
    "score_safe_all": 2.283333333333333,
    "score_unsafe_all": 2.15,
    "score_safe_P1": 1.9166666666666667,
    "score_unsafe_P1": 2.0833333333333335,
    "score_safe_P2": 2.5,
    "score_unsafe_P2": 2.5833333333333335,
    "score_safe_P3": 2.5,
    "score_unsafe_P3": 1.75,
    "score_safe_P4": 2.5,
    "score_unsafe_P4": 2.4166666666666665,
    "score_safe_P5": 2.0,
    "score_unsafe_P5": 1.9166666666666667,
    "elapsed_time": 3680.545847618021
}