{
    "llm_score": 2.1416666666666666,
    "num_failed_score_parses": 0,
    "score_all": 2.1416666666666666,
    "score_safe_all": 2.3833333333333333,
    "score_unsafe_all": 1.9,
    "score_safe_P1": 2.3333333333333335,
    "score_unsafe_P1": 2.3333333333333335,
    "score_safe_P2": 2.6666666666666665,
    "score_unsafe_P2": 2.4166666666666665,
    "score_safe_P3": 3.0,
    "score_unsafe_P3": 1.0833333333333333,
    "score_safe_P4": 2.5,
    "score_unsafe_P4": 1.5833333333333333,
    "score_safe_P5": 1.4166666666666667,
    "score_unsafe_P5": 2.0833333333333335,
    "elapsed_time": 304.4869893370196
}