{
    "llm_score": 2.683333333333333,
    "num_failed_score_parses": 0,
    "score_all": 2.683333333333333,
    "score_safe_all": 2.6166666666666667,
    "score_unsafe_all": 2.75,
    "score_safe_P1": 2.5833333333333335,
    "score_unsafe_P1": 2.75,
    "score_safe_P2": 3.0,
    "score_unsafe_P2": 3.0,
    "score_safe_P3": 3.0,
    "score_unsafe_P3": 2.75,
    "score_safe_P4": 2.75,
    "score_unsafe_P4": 2.5,
    "score_safe_P5": 1.75,
    "score_unsafe_P5": 2.75,
    "elapsed_time": 63.45852104667574
}