{
    "llm_score": 2.1666666666666665,
    "num_failed_score_parses": 0,
    "score_all": 2.1666666666666665,
    "score_safe_all": 2.0166666666666666,
    "score_unsafe_all": 2.316666666666667,
    "score_safe_P1": 1.1666666666666667,
    "score_unsafe_P1": 2.5,
    "score_safe_P2": 2.5833333333333335,
    "score_unsafe_P2": 2.3333333333333335,
    "score_safe_P3": 2.3333333333333335,
    "score_unsafe_P3": 2.0833333333333335,
    "score_safe_P4": 2.3333333333333335,
    "score_unsafe_P4": 2.0,
    "score_safe_P5": 1.6666666666666667,
    "score_unsafe_P5": 2.6666666666666665,
    "elapsed_time": 606.2345628775656
}