{
    "llm_score": 2.0833333333333335,
    "llm_score-95%ci": 0.04406301604198302,
    "num_failed_score_parses": 0.0,
    "num_failed_score_parses-95%ci": 0.0,
    "score_all": 2.0833333333333335,
    "score_all-95%ci": 0.04406301604198302,
    "score_safe_all": 2.2425925925925925,
    "score_safe_all-95%ci": 0.03179812436773439,
    "score_unsafe_all": 1.924074074074074,
    "score_unsafe_all-95%ci": 0.07643796627733197,
    "score_safe_P1": 1.7222222222222223,
    "score_safe_P1-95%ci": 0.11549410759380276,
    "score_unsafe_P1": 1.9907407407407405,
    "score_unsafe_P1-95%ci": 0.10346036264788473,
    "score_safe_P2": 2.5185185185185186,
    "score_safe_P2-95%ci": 0.0759191505558698,
    "score_unsafe_P2": 1.8055555555555556,
    "score_unsafe_P2-95%ci": 0.13880664231447026,
    "score_safe_P3": 2.6296296296296293,
    "score_safe_P3-95%ci": 0.09074074074074077,
    "score_unsafe_P3": 1.8796296296296298,
    "score_unsafe_P3-95%ci": 0.08216923551272842,
    "score_safe_P4": 2.657407407407407,
    "score_safe_P4-95%ci": 0.06910608929395028,
    "score_unsafe_P4": 1.9074074074074074,
    "score_unsafe_P4-95%ci": 0.13459026883988423,
    "score_safe_P5": 1.6851851851851853,
    "score_safe_P5-95%ci": 0.1210632479892945,
    "score_unsafe_P5": 2.037037037037037,
    "score_unsafe_P5-95%ci": 0.2540740740740741,
    "elapsed_time": 847.4277145519025,
    "elapsed_time-95%ci": 622.1242177174097
}