{
    "llm_score": 2.158333333333333,
    "num_failed_score_parses": 0,
    "score_all": 2.158333333333333,
    "score_safe_all": 2.3833333333333333,
    "score_unsafe_all": 1.9333333333333333,
    "score_safe_P1": 2.1666666666666665,
    "score_unsafe_P1": 2.0,
    "score_safe_P2": 2.6666666666666665,
    "score_unsafe_P2": 2.0833333333333335,
    "score_safe_P3": 2.75,
    "score_unsafe_P3": 1.5,
    "score_safe_P4": 2.5,
    "score_unsafe_P4": 1.8333333333333333,
    "score_safe_P5": 1.8333333333333333,
    "score_unsafe_P5": 2.25,
    "elapsed_time": 364.66729576326907
}