{
    "llm_score": 2.2592592592592595,
    "llm_score-95%ci": 0.031798124367734305,
    "num_failed_score_parses": 0.0,
    "num_failed_score_parses-95%ci": 0.0,
    "score_all": 2.2592592592592595,
    "score_all-95%ci": 0.031798124367734305,
    "score_safe_all": 2.3444444444444446,
    "score_safe_all-95%ci": 0.03692601879701538,
    "score_unsafe_all": 2.1740740740740745,
    "score_unsafe_all-95%ci": 0.05608335702798214,
    "score_safe_P1": 1.9444444444444444,
    "score_safe_P1-95%ci": 0.13611111111111107,
    "score_unsafe_P1": 2.1944444444444446,
    "score_unsafe_P1-95%ci": 0.18662615301091734,
    "score_safe_P2": 2.601851851851852,
    "score_safe_P2-95%ci": 0.05291048941618881,
    "score_unsafe_P2": 2.3518518518518516,
    "score_unsafe_P2-95%ci": 0.14854899474879632,
    "score_safe_P3": 2.740740740740741,
    "score_safe_P3-95%ci": 0.12896682403223023,
    "score_unsafe_P3": 2.0740740740740744,
    "score_unsafe_P3-95%ci": 0.07427449737439812,
    "score_safe_P4": 2.3240740740740744,
    "score_safe_P4-95%ci": 0.13180853949451174,
    "score_unsafe_P4": 2.1388888888888893,
    "score_unsafe_P4-95%ci": 0.08608422519347254,
    "score_safe_P5": 2.1111111111111107,
    "score_safe_P5-95%ci": 0.17216845038694506,
    "score_unsafe_P5": 2.111111111111111,
    "score_unsafe_P5-95%ci": 0.08608422519347249,
    "elapsed_time": 921.0103914153037,
    "elapsed_time-95%ci": 641.46179305715
}