{
    "llm_score": 2.2416666666666667,
    "num_failed_score_parses": 0,
    "score_all": 2.2416666666666667,
    "score_safe_all": 2.3333333333333335,
    "score_unsafe_all": 2.15,
    "score_safe_P1": 2.25,
    "score_unsafe_P1": 2.3333333333333335,
    "score_safe_P2": 2.6666666666666665,
    "score_unsafe_P2": 2.1666666666666665,
    "score_safe_P3": 2.8333333333333335,
    "score_unsafe_P3": 2.0,
    "score_safe_P4": 2.0833333333333335,
    "score_unsafe_P4": 2.0833333333333335,
    "score_safe_P5": 1.8333333333333333,
    "score_unsafe_P5": 2.1666666666666665,
    "elapsed_time": 2233.822691535577
}