{
    "llm_score": 2.2083333333333335,
    "num_failed_score_parses": 0,
    "score_all": 2.2083333333333335,
    "score_safe_all": 2.316666666666667,
    "score_unsafe_all": 2.1,
    "score_safe_P1": 1.6666666666666667,
    "score_unsafe_P1": 2.1666666666666665,
    "score_safe_P2": 2.5833333333333335,
    "score_unsafe_P2": 2.0,
    "score_safe_P3": 2.8333333333333335,
    "score_unsafe_P3": 1.9166666666666667,
    "score_safe_P4": 2.6666666666666665,
    "score_unsafe_P4": 1.9166666666666667,
    "score_safe_P5": 1.8333333333333333,
    "score_unsafe_P5": 2.5,
    "elapsed_time": 123.73834917508066
}