{
    "llm_score": 2.1685185185185185,
    "llm_score-95%ci": 0.04108461775636417,
    "num_failed_score_parses": 0.0,
    "num_failed_score_parses-95%ci": 0.0,
    "score_all": 2.1685185185185185,
    "score_all-95%ci": 0.04108461775636417,
    "score_safe_all": 2.0925925925925926,
    "score_safe_all-95%ci": 0.03361084072945016,
    "score_unsafe_all": 2.2444444444444445,
    "score_unsafe_all-95%ci": 0.0651060862679965,
    "score_safe_P1": 1.4444444444444444,
    "score_safe_P1-95%ci": 0.11549410759380274,
    "score_unsafe_P1": 2.4444444444444446,
    "score_unsafe_P1-95%ci": 0.17430727090789422,
    "score_safe_P2": 2.6111111111111107,
    "score_safe_P2-95%ci": 0.060870739387494266,
    "score_unsafe_P2": 2.3240740740740744,
    "score_unsafe_P2-95%ci": 0.14518518518518517,
    "score_safe_P3": 2.481481481481482,
    "score_safe_P3-95%ci": 0.08512236008568443,
    "score_unsafe_P3": 1.944444444444444,
    "score_unsafe_P3-95%ci": 0.11549410759380276,
    "score_safe_P4": 2.462962962962963,
    "score_safe_P4-95%ci": 0.10926632117793011,
    "score_unsafe_P4": 2.1296296296296298,
    "score_unsafe_P4-95%ci": 0.14687672013994324,
    "score_safe_P5": 1.462962962962963,
    "score_safe_P5-95%ci": 0.19270393861077217,
    "score_unsafe_P5": 2.3796296296296298,
    "score_unsafe_P5-95%ci": 0.09074074074074072,
    "elapsed_time": 786.8111498360005,
    "elapsed_time-95%ci": 600.5635154907152
}