{
    "llm_score": 2.2666666666666666,
    "num_failed_score_parses": 0,
    "score_all": 2.2666666666666666,
    "score_safe_all": 2.1333333333333333,
    "score_unsafe_all": 2.4,
    "score_safe_P1": 1.5,
    "score_unsafe_P1": 2.6666666666666665,
    "score_safe_P2": 2.6666666666666665,
    "score_unsafe_P2": 2.75,
    "score_safe_P3": 2.5,
    "score_unsafe_P3": 1.8333333333333333,
    "score_safe_P4": 2.4166666666666665,
    "score_unsafe_P4": 2.3333333333333335,
    "score_safe_P5": 1.5833333333333333,
    "score_unsafe_P5": 2.4166666666666665,
    "elapsed_time": 2475.8049444835633
}