{
    "llm_score": 2.4583333333333335,
    "num_failed_score_parses": 0,
    "score_all": 2.4583333333333335,
    "score_safe_all": 2.5,
    "score_unsafe_all": 2.4166666666666665,
    "score_safe_P1": 2.5,
    "score_unsafe_P1": 2.1666666666666665,
    "score_safe_P2": 2.8333333333333335,
    "score_unsafe_P2": 2.75,
    "score_safe_P3": 2.8333333333333335,
    "score_unsafe_P3": 2.5833333333333335,
    "score_safe_P4": 2.25,
    "score_unsafe_P4": 2.25,
    "score_safe_P5": 2.0833333333333335,
    "score_unsafe_P5": 2.3333333333333335,
    "elapsed_time": 786.7705010669306
}