{
    "llm_score": 2.1222222222222222,
    "llm_score-95%ci": 0.04347040287282749,
    "num_failed_score_parses": 0.0,
    "num_failed_score_parses-95%ci": 0.0,
    "score_all": 2.1222222222222222,
    "score_all-95%ci": 0.04347040287282749,
    "score_safe_all": 2.324074074074074,
    "score_safe_all-95%ci": 0.03736932421543431,
    "score_unsafe_all": 1.9203703703703705,
    "score_unsafe_all-95%ci": 0.06226163874977881,
    "score_safe_P1": 2.009259259259259,
    "score_safe_P1-95%ci": 0.0791059437901826,
    "score_unsafe_P1": 2.0,
    "score_unsafe_P1-95%ci": 0.17642016345665837,
    "score_safe_P2": 2.6388888888888884,
    "score_safe_P2-95%ci": 0.10543121331342419,
    "score_unsafe_P2": 2.0462962962962963,
    "score_unsafe_P2-95%ci": 0.1589906218386716,
    "score_safe_P3": 2.583333333333334,
    "score_safe_P3-95%ci": 0.10543121331342413,
    "score_unsafe_P3": 1.4722222222222223,
    "score_unsafe_P3-95%ci": 0.09430054396763889,
    "score_safe_P4": 2.3333333333333335,
    "score_safe_P4-95%ci": 0.11224009758625857,
    "score_unsafe_P4": 2.083333333333334,
    "score_unsafe_P4-95%ci": 0.1440464602690721,
    "score_safe_P5": 2.0555555555555554,
    "score_safe_P5-95%ci": 0.08166666666666667,
    "score_unsafe_P5": 2.0000000000000004,
    "score_unsafe_P5-95%ci": 0.13336110821819527,
    "elapsed_time": 1014.6532497028303,
    "elapsed_time-95%ci": 850.2757672125695
}