{
    "llm_score": 2.425,
    "num_failed_score_parses": 0,
    "score_all": 2.425,
    "score_safe_all": 2.316666666666667,
    "score_unsafe_all": 2.533333333333333,
    "score_safe_P1": 1.5,
    "score_unsafe_P1": 2.75,
    "score_safe_P2": 2.4166666666666665,
    "score_unsafe_P2": 2.4166666666666665,
    "score_safe_P3": 2.75,
    "score_unsafe_P3": 2.5,
    "score_safe_P4": 2.75,
    "score_unsafe_P4": 2.4166666666666665,
    "score_safe_P5": 2.1666666666666665,
    "score_unsafe_P5": 2.5833333333333335,
    "elapsed_time": 184.50779010448605
}