{
    "llm_score": 2.475,
    "num_failed_score_parses": 0,
    "score_all": 2.475,
    "score_safe_all": 2.283333333333333,
    "score_unsafe_all": 2.6666666666666665,
    "score_safe_P1": 2.0833333333333335,
    "score_unsafe_P1": 2.8333333333333335,
    "score_safe_P2": 2.8333333333333335,
    "score_unsafe_P2": 2.75,
    "score_safe_P3": 2.75,
    "score_unsafe_P3": 2.3333333333333335,
    "score_safe_P4": 2.0833333333333335,
    "score_unsafe_P4": 2.6666666666666665,
    "score_safe_P5": 1.6666666666666667,
    "score_unsafe_P5": 2.75,
    "elapsed_time": 546.0855277152732
}