{
    "llm_score": 2.033333333333333,
    "num_failed_score_parses": 0,
    "score_all": 2.033333333333333,
    "score_safe_all": 2.216666666666667,
    "score_unsafe_all": 1.85,
    "score_safe_P1": 1.5,
    "score_unsafe_P1": 2.0833333333333335,
    "score_safe_P2": 2.5,
    "score_unsafe_P2": 1.75,
    "score_safe_P3": 2.75,
    "score_unsafe_P3": 1.75,
    "score_safe_P4": 2.5833333333333335,
    "score_unsafe_P4": 2.0833333333333335,
    "score_safe_P5": 1.75,
    "score_unsafe_P5": 1.5833333333333333,
    "elapsed_time": 184.7062773797661
}