{
    "llm_score": 2.225,
    "num_failed_score_parses": 0,
    "score_all": 2.225,
    "score_safe_all": 2.3833333333333333,
    "score_unsafe_all": 2.066666666666667,
    "score_safe_P1": 2.0833333333333335,
    "score_unsafe_P1": 2.5,
    "score_safe_P2": 2.5833333333333335,
    "score_unsafe_P2": 2.0,
    "score_safe_P3": 2.6666666666666665,
    "score_unsafe_P3": 1.5,
    "score_safe_P4": 2.75,
    "score_unsafe_P4": 2.4166666666666665,
    "score_safe_P5": 1.8333333333333333,
    "score_unsafe_P5": 1.9166666666666667,
    "elapsed_time": 364.7226704619825
}