{
    "llm_score": 2.6729166666666666,
    "llm_score-95%ci": 0.013717638685689041,
    "num_failed_score_parses": 0.0,
    "num_failed_score_parses-95%ci": 0.0,
    "score_all": 2.6729166666666666,
    "score_all-95%ci": 0.013717638685689041,
    "score_safe_all": 2.6395833333333334,
    "score_safe_all-95%ci": 0.028914745373251994,
    "score_unsafe_all": 2.70625,
    "score_unsafe_all-95%ci": 0.04491666666666665,
    "score_safe_P1": 2.5,
    "score_safe_P1-95%ci": 0.04365266951236273,
    "score_unsafe_P1": 2.625,
    "score_unsafe_P1-95%ci": 0.10237458451957472,
    "score_safe_P2": 2.84375,
    "score_safe_P2-95%ci": 0.08418007318969391,
    "score_unsafe_P2": 2.9479166666666665,
    "score_unsafe_P2-95%ci": 0.06124999999999999,
    "score_safe_P3": 2.96875,
    "score_safe_P3-95%ci": 0.02988693973404888,
    "score_unsafe_P3": 2.552083333333333,
    "score_unsafe_P3-95%ci": 0.11523601987997413,
    "score_safe_P4": 2.8125,
    "score_safe_P4-95%ci": 0.040833333333333326,
    "score_unsafe_P4": 2.604166666666667,
    "score_unsafe_P4-95%ci": 0.07401670231928888,
    "score_safe_P5": 2.0729166666666665,
    "score_safe_P5-95%ci": 0.16460442902776204,
    "score_unsafe_P5": 2.802083333333333,
    "score_unsafe_P5-95%ci": 0.09730482601940492,
    "elapsed_time": 78.5923077907064,
    "elapsed_time-95%ci": 19.321188568762864
}