{
    "llm_score": 2.05,
    "num_failed_score_parses": 0,
    "score_all": 2.05,
    "score_safe_all": 2.183333333333333,
    "score_unsafe_all": 1.9166666666666667,
    "score_safe_P1": 1.8333333333333333,
    "score_unsafe_P1": 2.0833333333333335,
    "score_safe_P2": 2.4166666666666665,
    "score_unsafe_P2": 1.8333333333333333,
    "score_safe_P3": 2.4166666666666665,
    "score_unsafe_P3": 2.0,
    "score_safe_P4": 2.5,
    "score_unsafe_P4": 1.6666666666666667,
    "score_safe_P5": 1.75,
    "score_unsafe_P5": 2.0,
    "elapsed_time": 1872.8401734558865
}