{
    "llm_score": 2.1666666666666665,
    "num_failed_score_parses": 0,
    "score_all": 2.1666666666666665,
    "score_safe_all": 2.4,
    "score_unsafe_all": 1.9333333333333333,
    "score_safe_P1": 2.0833333333333335,
    "score_unsafe_P1": 2.0833333333333335,
    "score_safe_P2": 2.8333333333333335,
    "score_unsafe_P2": 2.3333333333333335,
    "score_safe_P3": 2.5,
    "score_unsafe_P3": 1.6666666666666667,
    "score_safe_P4": 2.3333333333333335,
    "score_unsafe_P4": 1.6666666666666667,
    "score_safe_P5": 2.25,
    "score_unsafe_P5": 1.9166666666666667,
    "elapsed_time": 183.34498028736562
}