{
    "llm_score": 2.2583333333333333,
    "num_failed_score_parses": 0,
    "score_all": 2.2583333333333333,
    "score_safe_all": 2.3,
    "score_unsafe_all": 2.216666666666667,
    "score_safe_P1": 1.75,
    "score_unsafe_P1": 2.5,
    "score_safe_P2": 2.5833333333333335,
    "score_unsafe_P2": 2.0833333333333335,
    "score_safe_P3": 2.8333333333333335,
    "score_unsafe_P3": 2.1666666666666665,
    "score_safe_P4": 2.3333333333333335,
    "score_unsafe_P4": 2.1666666666666665,
    "score_safe_P5": 2.0,
    "score_unsafe_P5": 2.1666666666666665,
    "elapsed_time": 364.59415387455374
}