{
    "llm_score": 2.2666666666666666,
    "num_failed_score_parses": 0,
    "score_all": 2.2666666666666666,
    "score_safe_all": 2.45,
    "score_unsafe_all": 2.0833333333333335,
    "score_safe_P1": 1.9166666666666667,
    "score_unsafe_P1": 2.3333333333333335,
    "score_safe_P2": 2.6666666666666665,
    "score_unsafe_P2": 2.1666666666666665,
    "score_safe_P3": 3.0,
    "score_unsafe_P3": 1.9166666666666667,
    "score_safe_P4": 2.25,
    "score_unsafe_P4": 2.0833333333333335,
    "score_safe_P5": 2.4166666666666665,
    "score_unsafe_P5": 1.9166666666666667,
    "elapsed_time": 304.8445427240804
}