{
    "llm_score": 2.058333333333333,
    "num_failed_score_parses": 0,
    "score_all": 2.058333333333333,
    "score_safe_all": 2.2333333333333334,
    "score_unsafe_all": 1.8833333333333333,
    "score_safe_P1": 2.0,
    "score_unsafe_P1": 2.0833333333333335,
    "score_safe_P2": 2.5833333333333335,
    "score_unsafe_P2": 1.8333333333333333,
    "score_safe_P3": 2.75,
    "score_unsafe_P3": 1.9166666666666667,
    "score_safe_P4": 2.5833333333333335,
    "score_unsafe_P4": 1.6666666666666667,
    "score_safe_P5": 1.25,
    "score_unsafe_P5": 1.9166666666666667,
    "elapsed_time": 1992.3024968551472
}