{
    "llm_score": 2.0833333333333335,
    "num_failed_score_parses": 0,
    "score_all": 2.0833333333333335,
    "score_safe_all": 2.1,
    "score_unsafe_all": 2.066666666666667,
    "score_safe_P1": 1.75,
    "score_unsafe_P1": 2.3333333333333335,
    "score_safe_P2": 2.5,
    "score_unsafe_P2": 2.0833333333333335,
    "score_safe_P3": 2.4166666666666665,
    "score_unsafe_P3": 1.8333333333333333,
    "score_safe_P4": 2.1666666666666665,
    "score_unsafe_P4": 2.25,
    "score_safe_P5": 1.6666666666666667,
    "score_unsafe_P5": 1.8333333333333333,
    "elapsed_time": 2474.68482782878
}