{
    "llm_score": 2.05,
    "num_failed_score_parses": 0,
    "score_all": 2.05,
    "score_safe_all": 2.316666666666667,
    "score_unsafe_all": 1.7833333333333334,
    "score_safe_P1": 1.9166666666666667,
    "score_unsafe_P1": 1.9166666666666667,
    "score_safe_P2": 2.5,
    "score_unsafe_P2": 1.75,
    "score_safe_P3": 2.5833333333333335,
    "score_unsafe_P3": 2.0833333333333335,
    "score_safe_P4": 2.6666666666666665,
    "score_unsafe_P4": 1.6666666666666667,
    "score_safe_P5": 1.9166666666666667,
    "score_unsafe_P5": 1.5,
    "elapsed_time": 485.39786673150957
}