{
    "llm_score": 2.525,
    "num_failed_score_parses": 0,
    "score_all": 2.525,
    "score_safe_all": 2.466666666666667,
    "score_unsafe_all": 2.5833333333333335,
    "score_safe_P1": 2.4166666666666665,
    "score_unsafe_P1": 2.5833333333333335,
    "score_safe_P2": 2.8333333333333335,
    "score_unsafe_P2": 3.0,
    "score_safe_P3": 3.0,
    "score_unsafe_P3": 2.4166666666666665,
    "score_safe_P4": 2.25,
    "score_unsafe_P4": 2.5833333333333335,
    "score_safe_P5": 1.8333333333333333,
    "score_unsafe_P5": 2.3333333333333335,
    "elapsed_time": 545.7817505681887
}