{
    "llm_score": 2.058333333333333,
    "llm_score-95%ci": 0.06550325126225362,
    "num_failed_score_parses": 0.0,
    "num_failed_score_parses-95%ci": 0.0,
    "score_all": 2.058333333333333,
    "score_all-95%ci": 0.06550325126225362,
    "score_safe_all": 2.0962962962962965,
    "score_safe_all-95%ci": 0.05908608957102856,
    "score_unsafe_all": 2.0203703703703706,
    "score_unsafe_all-95%ci": 0.10582097883237766,
    "score_safe_P1": 1.8518518518518516,
    "score_safe_P1-95%ci": 0.052910489416188845,
    "score_unsafe_P1": 2.148148148148148,
    "score_unsafe_P1-95%ci": 0.07591915055586983,
    "score_safe_P2": 2.4629629629629632,
    "score_safe_P2-95%ci": 0.06154336466169227,
    "score_unsafe_P2": 2.185185185185185,
    "score_unsafe_P2-95%ci": 0.19398154777688248,
    "score_safe_P3": 2.3611111111111116,
    "score_safe_P3-95%ci": 0.09430054396763886,
    "score_unsafe_P3": 1.7777777777777777,
    "score_unsafe_P3-95%ci": 0.20909785646975657,
    "score_safe_P4": 2.2685185185185186,
    "score_safe_P4-95%ci": 0.15821188758036517,
    "score_unsafe_P4": 2.1759259259259256,
    "score_unsafe_P4-95%ci": 0.21853264235586012,
    "score_safe_P5": 1.537037037037037,
    "score_safe_P5-95%ci": 0.18283752635201558,
    "score_unsafe_P5": 1.814814814814815,
    "score_unsafe_P5-95%ci": 0.0759191505558698,
    "elapsed_time": 1155.2691033892334,
    "elapsed_time-95%ci": 875.8796775487504
}