{
    "llm_score": 2.1166666666666667,
    "num_failed_score_parses": 0,
    "score_all": 2.1166666666666667,
    "score_safe_all": 2.4,
    "score_unsafe_all": 1.8333333333333333,
    "score_safe_P1": 2.0,
    "score_unsafe_P1": 2.0,
    "score_safe_P2": 2.6666666666666665,
    "score_unsafe_P2": 2.4166666666666665,
    "score_safe_P3": 3.0,
    "score_unsafe_P3": 0.9166666666666666,
    "score_safe_P4": 2.4166666666666665,
    "score_unsafe_P4": 1.6666666666666667,
    "score_safe_P5": 1.9166666666666667,
    "score_unsafe_P5": 2.1666666666666665,
    "elapsed_time": 3622.2580673070624
}