{
    "llm_score": 2.125,
    "num_failed_score_parses": 0,
    "score_all": 2.125,
    "score_safe_all": 2.35,
    "score_unsafe_all": 1.9,
    "score_safe_P1": 2.0,
    "score_unsafe_P1": 2.0833333333333335,
    "score_safe_P2": 2.75,
    "score_unsafe_P2": 2.3333333333333335,
    "score_safe_P3": 2.8333333333333335,
    "score_unsafe_P3": 1.25,
    "score_safe_P4": 2.5,
    "score_unsafe_P4": 1.8333333333333333,
    "score_safe_P5": 1.6666666666666667,
    "score_unsafe_P5": 2.0,
    "elapsed_time": 3621.8889919919893
}