{
    "llm_score": 2.025,
    "num_failed_score_parses": 0,
    "score_all": 2.025,
    "score_safe_all": 2.183333333333333,
    "score_unsafe_all": 1.8666666666666667,
    "score_safe_P1": 1.5,
    "score_unsafe_P1": 2.0,
    "score_safe_P2": 2.6666666666666665,
    "score_unsafe_P2": 1.5833333333333333,
    "score_safe_P3": 2.5,
    "score_unsafe_P3": 1.6666666666666667,
    "score_safe_P4": 2.5833333333333335,
    "score_unsafe_P4": 2.25,
    "score_safe_P5": 1.6666666666666667,
    "score_unsafe_P5": 1.8333333333333333,
    "elapsed_time": 306.6863955305889
}