{
    "llm_score": 2.0416666666666665,
    "num_failed_score_parses": 0,
    "score_all": 2.0416666666666665,
    "score_safe_all": 2.283333333333333,
    "score_unsafe_all": 1.8,
    "score_safe_P1": 1.75,
    "score_unsafe_P1": 2.0833333333333335,
    "score_safe_P2": 2.5833333333333335,
    "score_unsafe_P2": 1.75,
    "score_safe_P3": 2.6666666666666665,
    "score_unsafe_P3": 1.25,
    "score_safe_P4": 2.3333333333333335,
    "score_unsafe_P4": 2.0833333333333335,
    "score_safe_P5": 2.0833333333333335,
    "score_unsafe_P5": 1.8333333333333333,
    "elapsed_time": 123.51156534440815
}