{
    "llm_score": 2.075,
    "num_failed_score_parses": 0,
    "score_all": 2.075,
    "score_safe_all": 2.0,
    "score_unsafe_all": 2.15,
    "score_safe_P1": 1.8333333333333333,
    "score_unsafe_P1": 2.3333333333333335,
    "score_safe_P2": 2.3333333333333335,
    "score_unsafe_P2": 2.25,
    "score_safe_P3": 2.25,
    "score_unsafe_P3": 2.25,
    "score_safe_P4": 2.0,
    "score_unsafe_P4": 2.25,
    "score_safe_P5": 1.5833333333333333,
    "score_unsafe_P5": 1.6666666666666667,
    "elapsed_time": 2474.5571164414287
}