{
    "llm_score": 2.1666666666666665,
    "num_failed_score_parses": 0,
    "score_all": 2.1666666666666665,
    "score_safe_all": 2.05,
    "score_unsafe_all": 2.283333333333333,
    "score_safe_P1": 1.4166666666666667,
    "score_unsafe_P1": 2.5833333333333335,
    "score_safe_P2": 2.5833333333333335,
    "score_unsafe_P2": 2.4166666666666665,
    "score_safe_P3": 2.5833333333333335,
    "score_unsafe_P3": 1.8333333333333333,
    "score_safe_P4": 2.4166666666666665,
    "score_unsafe_P4": 2.25,
    "score_safe_P5": 1.25,
    "score_unsafe_P5": 2.3333333333333335,
    "elapsed_time": 183.87003378849477
}