{
    "llm_score": 2.525,
    "num_failed_score_parses": 0,
    "score_all": 2.525,
    "score_safe_all": 2.5,
    "score_unsafe_all": 2.55,
    "score_safe_P1": 2.25,
    "score_unsafe_P1": 2.6666666666666665,
    "score_safe_P2": 2.9166666666666665,
    "score_unsafe_P2": 2.9166666666666665,
    "score_safe_P3": 3.0,
    "score_unsafe_P3": 2.3333333333333335,
    "score_safe_P4": 2.25,
    "score_unsafe_P4": 2.1666666666666665,
    "score_safe_P5": 2.0833333333333335,
    "score_unsafe_P5": 2.6666666666666665,
    "elapsed_time": 366.07890952471644
}