{
    "llm_score": 2.5416666666666665,
    "num_failed_score_parses": 0,
    "score_all": 2.5416666666666665,
    "score_safe_all": 2.55,
    "score_unsafe_all": 2.533333333333333,
    "score_safe_P1": 2.4166666666666665,
    "score_unsafe_P1": 2.4166666666666665,
    "score_safe_P2": 2.9166666666666665,
    "score_unsafe_P2": 3.0,
    "score_safe_P3": 3.0,
    "score_unsafe_P3": 2.0,
    "score_safe_P4": 2.4166666666666665,
    "score_unsafe_P4": 2.4166666666666665,
    "score_safe_P5": 2.0,
    "score_unsafe_P5": 2.8333333333333335,
    "elapsed_time": 1571.557372304611
}