{
    "llm_score": 1.925,
    "num_failed_score_parses": 0,
    "score_all": 1.925,
    "score_safe_all": 2.0166666666666666,
    "score_unsafe_all": 1.8333333333333333,
    "score_safe_P1": 1.75,
    "score_unsafe_P1": 2.0,
    "score_safe_P2": 2.5833333333333335,
    "score_unsafe_P2": 2.0,
    "score_safe_P3": 2.3333333333333335,
    "score_unsafe_P3": 1.75,
    "score_safe_P4": 2.0833333333333335,
    "score_unsafe_P4": 1.75,
    "score_safe_P5": 1.3333333333333333,
    "score_unsafe_P5": 1.6666666666666667,
    "elapsed_time": 244.38316998258233
}