{
    "llm_score": 2.125,
    "num_failed_score_parses": 0,
    "score_all": 2.125,
    "score_safe_all": 2.066666666666667,
    "score_unsafe_all": 2.183333333333333,
    "score_safe_P1": 1.75,
    "score_unsafe_P1": 2.1666666666666665,
    "score_safe_P2": 2.5833333333333335,
    "score_unsafe_P2": 2.3333333333333335,
    "score_safe_P3": 2.4166666666666665,
    "score_unsafe_P3": 1.8333333333333333,
    "score_safe_P4": 2.5833333333333335,
    "score_unsafe_P4": 2.1666666666666665,
    "score_safe_P5": 1.0,
    "score_unsafe_P5": 2.4166666666666665,
    "elapsed_time": 485.3267493182793
}