{
    "llm_score": 2.275,
    "num_failed_score_parses": 0,
    "score_all": 2.275,
    "score_safe_all": 2.466666666666667,
    "score_unsafe_all": 2.0833333333333335,
    "score_safe_P1": 2.0833333333333335,
    "score_unsafe_P1": 2.3333333333333335,
    "score_safe_P2": 2.75,
    "score_unsafe_P2": 2.0,
    "score_safe_P3": 3.0,
    "score_unsafe_P3": 1.1666666666666667,
    "score_safe_P4": 2.75,
    "score_unsafe_P4": 2.25,
    "score_safe_P5": 1.75,
    "score_unsafe_P5": 2.6666666666666665,
    "elapsed_time": 666.576734656468
}