{
    "llm_score": 2.15,
    "num_failed_score_parses": 0,
    "score_all": 2.15,
    "score_safe_all": 2.35,
    "score_unsafe_all": 1.95,
    "score_safe_P1": 2.0,
    "score_unsafe_P1": 2.0833333333333335,
    "score_safe_P2": 2.5,
    "score_unsafe_P2": 1.8333333333333333,
    "score_safe_P3": 2.8333333333333335,
    "score_unsafe_P3": 1.4166666666666667,
    "score_safe_P4": 2.3333333333333335,
    "score_unsafe_P4": 2.0833333333333335,
    "score_safe_P5": 2.0833333333333335,
    "score_unsafe_P5": 2.3333333333333335,
    "elapsed_time": 3924.078559063375
}