{
    "llm_score": 2.091666666666667,
    "num_failed_score_parses": 0,
    "score_all": 2.091666666666667,
    "score_safe_all": 2.35,
    "score_unsafe_all": 1.8333333333333333,
    "score_safe_P1": 2.1666666666666665,
    "score_unsafe_P1": 1.75,
    "score_safe_P2": 2.8333333333333335,
    "score_unsafe_P2": 2.3333333333333335,
    "score_safe_P3": 2.3333333333333335,
    "score_unsafe_P3": 1.5,
    "score_safe_P4": 2.25,
    "score_unsafe_P4": 1.8333333333333333,
    "score_safe_P5": 2.1666666666666665,
    "score_unsafe_P5": 1.75,
    "elapsed_time": 1812.137778673321
}