{
    "llm_score": 2.5064814814814813,
    "llm_score-95%ci": 0.0355745367930267,
    "num_failed_score_parses": 0.0,
    "num_failed_score_parses-95%ci": 0.0,
    "score_all": 2.5064814814814813,
    "score_all-95%ci": 0.0355745367930267,
    "score_safe_all": 2.4592592592592593,
    "score_safe_all-95%ci": 0.08401240191941227,
    "score_unsafe_all": 2.553703703703704,
    "score_unsafe_all-95%ci": 0.04347987251739529,
    "score_safe_P1": 2.287037037037037,
    "score_safe_P1-95%ci": 0.13086815740572996,
    "score_unsafe_P1": 2.574074074074074,
    "score_unsafe_P1-95%ci": 0.13459026883988431,
    "score_safe_P2": 2.8703703703703702,
    "score_safe_P2-95%ci": 0.02869474173115741,
    "score_unsafe_P2": 2.8611111111111107,
    "score_unsafe_P2-95%ci": 0.07699607172920182,
    "score_safe_P3": 2.8796296296296298,
    "score_safe_P3-95%ci": 0.0775289228741776,
    "score_unsafe_P3": 2.314814814814815,
    "score_unsafe_P3-95%ci": 0.1485489947487963,
    "score_safe_P4": 2.3333333333333335,
    "score_safe_P4-95%ci": 0.17430727090789422,
    "score_unsafe_P4": 2.481481481481482,
    "score_unsafe_P4-95%ci": 0.11150408900829278,
    "score_safe_P5": 1.9259259259259263,
    "score_safe_P5-95%ci": 0.1399879967419508,
    "score_unsafe_P5": 2.5370370370370368,
    "score_unsafe_P5-95%ci": 0.13366945801299177,
    "elapsed_time": 599.6078833754485,
    "elapsed_time-95%ci": 271.89206194532
}