{
    "llm_score": 2.1675925925925927,
    "llm_score-95%ci": 0.03144660922618554,
    "num_failed_score_parses": 0.0,
    "num_failed_score_parses-95%ci": 0.0,
    "score_all": 2.1675925925925927,
    "score_all-95%ci": 0.03144660922618554,
    "score_safe_all": 2.3870370370370373,
    "score_safe_all-95%ci": 0.02481721934176628,
    "score_unsafe_all": 1.948148148148148,
    "score_unsafe_all-95%ci": 0.04665874418347704,
    "score_safe_P1": 2.175925925925926,
    "score_safe_P1-95%ci": 0.1260610658301927,
    "score_unsafe_P1": 2.1944444444444446,
    "score_unsafe_P1-95%ci": 0.0981511180542975,
    "score_safe_P2": 2.685185185185185,
    "score_safe_P2-95%ci": 0.024007743378178736,
    "score_unsafe_P2": 2.2407407407407405,
    "score_unsafe_P2-95%ci": 0.17942819939462484,
    "score_safe_P3": 2.8796296296296298,
    "score_safe_P3-95%ci": 0.08216923551272842,
    "score_unsafe_P3": 1.1666666666666667,
    "score_unsafe_P3-95%ci": 0.13880664231447026,
    "score_safe_P4": 2.5370370370370368,
    "score_safe_P4-95%ci": 0.08216923551272842,
    "score_unsafe_P4": 1.9444444444444444,
    "score_unsafe_P4-95%ci": 0.15399214345840365,
    "score_safe_P5": 1.6574074074074074,
    "score_safe_P5-95%ci": 0.13180853949451177,
    "score_unsafe_P5": 2.1944444444444446,
    "score_unsafe_P5-95%ci": 0.1846300939850767,
    "elapsed_time": 1584.4058527509785,
    "elapsed_time-95%ci": 1006.0089191011926
}