{
    "llm_score": 2.2333333333333334,
    "num_failed_score_parses": 0,
    "score_all": 2.2333333333333334,
    "score_safe_all": 2.283333333333333,
    "score_unsafe_all": 2.183333333333333,
    "score_safe_P1": 2.1666666666666665,
    "score_unsafe_P1": 2.0,
    "score_safe_P2": 2.4166666666666665,
    "score_unsafe_P2": 2.3333333333333335,
    "score_safe_P3": 2.8333333333333335,
    "score_unsafe_P3": 2.0,
    "score_safe_P4": 2.3333333333333335,
    "score_unsafe_P4": 2.3333333333333335,
    "score_safe_P5": 1.6666666666666667,
    "score_unsafe_P5": 2.25,
    "elapsed_time": 365.21912971604615
}