{
    "llm_score": 2.3583333333333334,
    "num_failed_score_parses": 0,
    "score_all": 2.3583333333333334,
    "score_safe_all": 2.35,
    "score_unsafe_all": 2.3666666666666667,
    "score_safe_P1": 1.8333333333333333,
    "score_unsafe_P1": 2.4166666666666665,
    "score_safe_P2": 2.6666666666666665,
    "score_unsafe_P2": 2.5833333333333335,
    "score_safe_P3": 2.8333333333333335,
    "score_unsafe_P3": 2.25,
    "score_safe_P4": 2.4166666666666665,
    "score_unsafe_P4": 2.3333333333333335,
    "score_safe_P5": 2.0,
    "score_unsafe_P5": 2.25,
    "elapsed_time": 124.13512309268117
}