{
    "llm_score": 2.3527777777777774,
    "llm_score-95%ci": 0.04619764303752107,
    "num_failed_score_parses": 0.0,
    "num_failed_score_parses-95%ci": 0.0,
    "score_all": 2.3527777777777774,
    "score_all-95%ci": 0.04619764303752107,
    "score_safe_all": 2.1907407407407407,
    "score_safe_all-95%ci": 0.06603532329884094,
    "score_unsafe_all": 2.5148148148148146,
    "score_unsafe_all-95%ci": 0.059502682905703354,
    "score_safe_P1": 1.6851851851851851,
    "score_safe_P1-95%ci": 0.08512236008568445,
    "score_unsafe_P1": 2.5555555555555554,
    "score_unsafe_P1-95%ci": 0.08608422519347254,
    "score_safe_P2": 2.509259259259259,
    "score_safe_P2-95%ci": 0.05052230625530948,
    "score_unsafe_P2": 2.6759259259259256,
    "score_unsafe_P2-95%ci": 0.13731565769826964,
    "score_safe_P3": 2.7129629629629632,
    "score_safe_P3-95%ci": 0.10225962144623103,
    "score_unsafe_P3": 2.4259259259259256,
    "score_unsafe_P3-95%ci": 0.050522306255309464,
    "score_safe_P4": 2.435185185185185,
    "score_safe_P4-95%ci": 0.1558523403386233,
    "score_unsafe_P4": 2.296296296296296,
    "score_unsafe_P4-95%ci": 0.06729513441994216,
    "score_safe_P5": 1.6111111111111114,
    "score_safe_P5-95%ci": 0.19630223610859499,
    "score_unsafe_P5": 2.6203703703703707,
    "score_unsafe_P5-95%ci": 0.1566428052925873,
    "elapsed_time": 264.8139636018831,
    "elapsed_time-95%ci": 209.3653881366649
}